career,domain_key,category,description,effort,risk,backup,tags,skills,stability_score
Computer Science Engineer,technology,Traditional,Build software systems apps and digital products.,High practice in coding mathematics and projects.,Competition is high and skills must be updated often.,IT support data analyst web developer,"coding programming apps ai","logic python problem solving",8
AI and Data Science Specialist,technology,Technical,Use data and machine learning to solve real problems.,Strong statistics coding and project portfolio needed.,Requires continuous learning and strong fundamentals.,Data analyst software engineer automation tester,"ai data machine learning statistics","python maths analytics",7
Cybersecurity Analyst,technology,Technical,Protect systems networks and users from digital threats.,Regular practice labs certifications and ethical mindset needed.,Pressure can be high during security incidents.,Network administrator cloud support,"security hacking networks privacy","analysis linux networking",8
Biotechnologist,science,Traditional,Work with biology technology health agriculture and research.,Needs biology chemistry lab skills and higher study planning.,Research timelines can be long and jobs may need specialization.,Lab technician clinical research associate,"biology research genetics lab","observation documentation biology",7
Medical Professional,science,Traditional,Diagnose treat and support human health.,Very high academic effort discipline and long training path.,Entrance competition and emotional pressure are significant.,Allied health public health healthcare management,"medicine biology service health","discipline empathy science",9
Research Scientist,science,Research,Investigate new questions through experiments data and evidence.,Requires patience advanced study and publication skills.,Career growth may be slower without persistence.,Science writer lab analyst educator,"research science experiment curiosity","writing analysis observation",7
Music Producer,creative,Creative,Create arrange record and polish music for artists or media.,Daily practice software learning and portfolio building needed.,Income can be irregular at the beginning.,Sound engineer content creator music teacher,"music production sound singing","creativity editing audio",6
Singer or Performer,creative,Creative,Use voice stage presence and expression for live or recorded performance.,Consistent training feedback and public performance practice needed.,Success is uncertain and depends on network and consistency.,Vocal coach content creator event performer,"singing music performance stage","discipline expression confidence",5
Content Creator,creative,Non-traditional,Create videos posts podcasts or educational content for an audience.,Needs consistency editing storytelling and audience understanding.,Growth can be slow and platform rules change.,Digital marketer video editor social media manager,"video writing podcast social media","communication editing storytelling",6
Photographer,creative,Creative,Capture stories products people events or places visually.,Needs camera practice editing and client communication.,Freelance income can fluctuate.,Photo editor designer content creator,"photography art travel editing","visual creativity editing",6
Cricketer, sports, Sports,Train compete and grow through school club district and professional levels.,Very high discipline fitness coaching and match exposure needed.,Selection is competitive and injury risk exists.,Cricket coach fitness trainer sports analyst,"cricket sports fitness discipline","teamwork stamina practice",5
Fitness Coach,sports,Non-traditional,Help people improve strength health routines and confidence.,Requires fitness knowledge certification and client handling.,Needs credibility and consistent client results.,Sports coach wellness creator gym manager,"fitness gym health coaching","communication discipline nutrition",7
Sports Analyst,sports,Interdisciplinary,Use data and observation to understand players teams and performance.,Needs sports knowledge statistics and presentation skills.,Opportunities may be niche but growing.,Data analyst coach performance analyst,"sports data cricket football analysis","statistics observation communication",7
Entrepreneur,business,Non-traditional,Build products services or ventures around real market needs.,Requires problem solving sales money management and resilience.,Financial risk and uncertainty are high.,Product manager marketer operations executive,"startup business selling product","leadership sales planning",6
Digital Marketer,business,Business,Grow brands using content ads search email and analytics.,Needs communication creativity analytics and experimentation.,Trends change quickly and results are measurable.,Content strategist SEO specialist brand executive,"marketing social media business content","communication analytics creativity",8
Finance Analyst,business,Business,Study money markets budgets and business performance.,Needs numeracy spreadsheet skill and business understanding.,Can be detail-heavy and deadline driven.,Accountant business analyst investment associate,"finance money business analysis","maths excel reasoning",8
